{"val/loss":0.20514442381613396,"val/loss_ortho":0.19141324662110384,"Linear Probe Acc - u_12 -> labels_s":65.34,"Linear Probe Acc - s -> labels_2":63.505,"train/loss_unique":0.011259698609621087,"Linear Probe Acc - s -> labels_s":70,"_wandb":{"runtime":487},"val/loss_shared":0.007200769867802806,"Linear Probe Acc - u_12 -> labels_1":63.26500000000001,"epoch":2,"train/loss":0.1430174605567244,"train/loss_shared":0.00738738223768865,"_timestamp":1.7676094551488025e+09,"_runtime":487,"Linear Probe Acc - u_12 -> labels_2":49.86,"Linear Probe Acc - s -> labels_1":67.82000000000001,"train/loss_ortho":0.12941438487813442,"_step":1,"val/loss_unique":0.01239044598495478,"Linear Probe Acc - u_21 -> labels_1":49.58,"Linear Probe Acc - u_21 -> labels_s":63.09,"Linear Probe Acc - u_21 -> labels_2":61.6}