{"epoch":3,"Linear Probe Acc - u_12 -> labels_1":70.085,"Linear Probe Acc - u_21 -> labels_1":50.4,"val/loss":6.59545931816101,"val/loss_unique":0.009840721990365316,"_wandb":{"runtime":525},"Linear Probe Acc - u_12 -> labels_2":50.295,"_timestamp":1.7676087173468363e+09,"train/loss_shared":0.007361385588168721,"Linear Probe Acc - u_21 -> labels_2":64.52,"Linear Probe Acc - u_12 -> labels_s":68.52000000000001,"_step":2,"train/loss_ortho":0.2295987108085729,"Linear Probe Acc - s -> labels_1":65.515,"val/loss_shared":0.007172780693508685,"_runtime":525,"train/loss_unique":0.011947480832002585,"Linear Probe Acc - s -> labels_s":75.46000000000001,"Linear Probe Acc - u_21 -> labels_s":66.09,"Linear Probe Acc - s -> labels_2":71.27,"val/loss_ortho":0.6582615450901144,"train/loss":2.3097847775567937}